model,accuracy,roc_auc,average_precision
logistic_branch,0.9130935251798561,0.9775732510288067,0.9210296893552704
random_forest_branch,0.9520383693045563,0.9893928497942387,0.9612635646219236
